iso3c,year,cc_est,ge_est,pv_est,rq_est,rl_est,va_est,state_capacity_wgi
ARG,2000,-0.172407657,-0.028038694,0.095823877,0.182292387,-0.214404494,0.418346971,-0.0581396145
ARG,2002,-0.417055726,-0.228479072,-0.776545405,-0.880716562,-0.761098087,0.260062754,-0.57183736175
ARG,2003,-0.479976803,-0.034219984,-0.359838128,-0.69147563,-0.777115822,0.349125266,-0.49569705975
ARG,2004,-0.414409548,0.015197393,-0.610934913,-0.6980353,-0.767380178,0.362040877,-0.46615690825
ARG,2005,-0.377738357,-0.097979061,-0.041774943,-0.525074363,-0.557991087,0.269231617,-0.38969571700000005
ARG,2006,-0.331238538,-0.033916309,0.001967763,-0.614566982,-0.577015638,0.403436542,-0.38918436675
ARG,2007,-0.372122079,-0.012532503,0.097796634,-0.63569355,-0.601472259,0.448621333,-0.40545509775
ARG,2008,-0.434875011,-0.123509347,-0.087755688,-0.702629447,-0.699731648,0.358895928,-0.49018636325
ARG,2009,-0.445475101,-0.294032037,-0.234854579,-0.830836773,-0.694468081,0.280091494,-0.5662029980000001
ARG,2010,-0.355230033,-0.111791946,-0.084797867,-0.742940903,-0.598094225,0.361670136,-0.45201427675
ARG,2011,-0.364098519,-0.072361067,0.158993661,-0.701964378,-0.563123286,0.344941825,-0.4253868125
ARG,2012,-0.445909202,-0.206967011,0.103040546,-0.897686779,-0.623034239,0.295209914,-0.54339930775
ARG,2013,-0.434306711,-0.254236966,0.065314263,-0.928134799,-0.656328619,0.276933551,-0.56825177375
ARG,2014,-0.549791396,-0.111114293,-0.005121871,-1.066149592,-0.866627336,0.345271766,-0.64842065425
ARG,2015,-0.581265271,-0.04947561,0.008764135,-0.898022354,-0.748635888,0.411758155,-0.56934978075
ARG,2016,-0.299235553,0.218796372,0.197749898,-0.347571164,-0.320159525,0.493263662,-0.18704246749999998
ARG,2017,-0.309002459,0.135085613,0.162542164,-0.196430206,-0.237312034,0.5287081,-0.1519147715
ARG,2018,-0.099273928,0.028060619,0.006909812,-0.195977628,-0.21933043,0.539252579,-0.12163034175
ARG,2019,-0.107116245,-0.120795332,-0.097823091,-0.4530797,-0.427360445,0.570874631,-0.2770879305
ARG,2020,-0.163570061,-0.254261822,-0.071997404,-0.498344272,-0.486265957,0.584501207,-0.350610528
ARG,2021,-0.422596842,-0.390557259,5.30059e-4,-0.631172717,-0.477947891,0.61077702,-0.48056867724999996
ARG,2022,-0.447221607,-0.283489704,-0.09859433,-0.697565734,-0.48235181,0.546316981,-0.47765721375000003
ARG,2023,-0.360883951,-0.377517343,-0.127517909,-0.482535392,-0.410826534,0.533921838,-0.40794080499999996
BLZ,2000,-0.042195026,0.364934474,0.184220716,0.207320943,0.098326825,0.975879788,0.157096804
BLZ,2002,-0.070856519,0.3014974,0.417992562,0.14991577,-0.045510951,0.796831012,0.083761425
BLZ,2003,-0.10321895,0.319293678,0.486082047,0.165346131,0.190566957,0.842791498,0.142996954
BLZ,2004,-0.103965633,0.206384033,0.401561916,-0.118548453,-0.052921403,0.74007237,-0.017262864000000003
BLZ,2005,-0.201737866,0.149592906,0.104911745,0.068797342,-0.048588708,0.688429117,-0.007984081499999997
BLZ,2006,-0.31359604,-0.111628041,0.08197704,-0.301703036,0.023866652,0.544680774,-0.17576511625000002
BLZ,2007,-0.324733347,-0.233249247,0.194921583,-0.352246404,-0.044806231,0.526492059,-0.23875880725
BLZ,2008,-0.302956253,-0.313582987,0.190071985,-0.382103831,-0.133091673,0.646870255,-0.282933686
BLZ,2009,0.041316897,-0.306065917,0.028430205,-0.368749797,-0.323144495,0.744926631,-0.239160828
BLZ,2010,-0.023574317,-0.261244267,0.070427686,-0.335602492,-0.281174034,0.685301244,-0.22539877749999998
BLZ,2011,-0.307089061,-0.248732418,0.15190886,-0.37844494,-0.469881326,0.695515275,-0.35103693625
BLZ,2012,-0.030974895,-0.165085405,0.180257618,-0.436850935,-0.435866833,0.695277274,-0.26719451699999996
BLZ,2013,0.020539243,-0.14557004,0.176189259,-0.447350562,-0.451571971,0.711440206,-0.25598833249999997
BLZ,2014,-0.159672827,-0.543895483,0.048583075,-0.461533755,-0.814675212,0.520081162,-0.49494431925000004
BLZ,2015,-0.209489331,-0.641967714,0.037259512,-0.440686822,-0.794161618,0.577991188,-0.52157637125
BLZ,2016,-0.229907274,-0.635813773,0.052189551,-0.494319975,-0.970615506,0.570263445,-0.582664132
BLZ,2017,-0.30554679,-0.670175135,0.030404126,-0.556015551,-0.974605262,0.570051849,-0.6265856845000001
BLZ,2018,-0.169633418,-0.627418995,-0.00212322,-0.666695118,-0.842516541,0.430547833,-0.5765660180000001
BLZ,2019,-0.191255376,-0.634233057,0.061986484,-0.559759736,-0.855883598,0.503629267,-0.56028294175
BLZ,2020,-0.193254113,-0.603579581,0.518667579,-0.550579548,-0.826539576,0.521323442,-0.5434882045
BLZ,2021,-0.330120027,-0.526691198,0.272466063,-0.424278557,-0.800228,0.541676641,-0.5203294455
BLZ,2022,-0.236913636,-0.356684655,0.56400609,-0.43876633,-0.720160663,0.535320282,-0.438131321
BLZ,2023,-0.226113811,-0.376311779,0.585325778,-0.430582851,-0.635611892,0.539004624,-0.41715508325
BOL,2000,-0.483501077,-0.309992284,-0.237061173,0.015979305,-0.368222207,0.189972907,-0.28643406574999997
BOL,2002,-0.940807521,-0.32778573,-0.286515564,-0.090073593,-0.378112555,0.140369892,-0.43419484975
BOL,2003,-0.853618503,-0.383329839,-0.83488518,-0.152667001,-0.46946907,-0.056417342,-0.46477110325000004
BOL,2004,-0.809159338,-0.644271314,-0.680570841,-0.265374273,-0.626744568,-0.170450285,-0.58638737325
BOL,2005,-0.741979063,-0.699575067,-0.971029878,-0.693852127,-0.765424848,-0.156710431,-0.72520777625
BOL,2006,-0.431123644,-0.732252717,-0.802562952,-0.888415873,-0.853729308,0.07646361,-0.7263803855000001
BOL,2007,-0.402193725,-0.574792743,-0.852070689,-0.98601824,-0.832326353,0.042223975,-0.69883276525
BOL,2008,-0.528391659,-0.629991829,-0.696565807,-0.864422381,-0.978549302,0.002961708,-0.7503387927499999
BOL,2009,-0.631416976,-0.604384601,-0.506110489,-0.873411775,-1.1139189,0.006946584,-0.8057830630000001
BOL,2010,-0.458648711,-0.500350833,-0.415407211,-0.797301412,-1.029790163,-0.039241143,-0.69652277975
BOL,2011,-0.573696494,-0.469424754,-0.417126507,-0.76334536099999994,-0.98403579,-0.068237789,-0.6976255997499999
BOL,2012,-0.727891862,-0.359967858,-0.458068103,-0.832377791,-1.018764019,-0.081585295,-0.7347503824999999
BOL,2013,-0.587968886,-0.37855944,-0.328593433,-0.78638947,-1.050950646,-0.069047958,-0.7009671105
BOL,2014,-0.628802955,-0.581926763,-0.333112091,-0.886673927,-1.058335066,-0.026367364,-0.7889346777500001
BOL,2015,-0.717874646,-0.676909506,-0.270498693,-0.919425428,-1.162117004,-0.004765418,-0.869081646
BOL,2016,-0.77488637,-0.600444853,-0.253675967,-1.019731879,-1.238739491,-0.036676735,-0.90845064825
BOL,2017,-0.701330721,-0.395564675,-0.280110896,-0.995769382,-1.245108128,-0.024840916,-0.8344432265
BOL,2018,-0.688641131,-0.329585135,-0.286620706,-1.007106662,-1.21190083,-0.05966698,-0.8093084394999999
BOL,2019,-0.781365752,-0.790566325,-0.728340268,-1.001956344,-1.18941927,-0.117428042,-0.9408269227500001
BOL,2020,-0.844824612,-0.726455271,-0.45346719,-1.035290122,-1.218631148,-0.086452402,-0.95630028825
BOL,2021,-0.883800149,-0.763246834,-0.278774261,-1.16856575,-1.177601814,-0.115398087,-0.99830363675
BOL,2022,-0.889700353,-0.564738214,-0.191908553,-1.210536242,-1.301404238,-0.197485566,-0.99159476175
BOL,2023,-0.838301063,-0.639481068,-0.313183635,-1.177118778,-1.21933794,-0.265191317,-0.9685597122499999
BRA,2000,0.013238784,0.043085087,0.184101626,0.258442432,-0.244871855,0.301593602,0.017473612000000006
BRA,2002,0.081942312,-0.034615345,0.327800274,0.182567075,-0.266611308,0.472238034,-0.009179316499999996
BRA,2003,0.090239018,0.081757367,0.004213934,0.196701482,-0.367893666,0.442828864,2.010502500000011e-4
BRA,2004,-0.027268711,-0.092270918,-0.275992811,0.037414186,-0.400920123,0.388609469,-0.1207613915
BRA,2005,-0.15374814,-0.157670245,-0.263379753,0.036901258,-0.475531459,0.45767951,-0.1875121465
BRA,2006,-0.120479897,-0.391295493,-0.294911116,-0.041273385,-0.402620196,0.500075698,-0.23891724274999998
BRA,2007,-0.083988786,-0.290289968,-0.357948095,-0.02283462,-0.409779429,0.537074029,-0.20172320075
BRA,2008,0.003437368,-0.148200899,-0.313424706,0.07702741,-0.28804478,0.568985701,-0.08894522525
BRA,2009,-0.079985611,-0.151303574,0.163664222,0.127607271,-0.103854693,0.52199918,-0.051884151749999996
BRA,2010,0.043806359,-0.086862549,0.013475911,0.246619865,0.056414437,0.571348906,0.064994528
BRA,2011,0.168382421,-0.15240407,-0.132575423,0.25802207,0.045141723,0.513676167,0.07978553599999999
BRA,2012,-0.046854232,-0.160548672,0.045961641,0.173244089,-0.076932795,0.477906197,-0.027772902500000002
BRA,2013,-0.097959608,-0.119030975,-0.258553296,0.146290123,-0.092045203,0.417397052,-0.04068641575
BRA,2014,-0.36611709,-0.175920635,-0.070290133,-0.028219953,-0.05296576,0.471930146,-0.15580585949999998
BRA,2015,-0.457840711,-0.255271554,-0.331864446,-0.181910038,-0.187332958,0.458871007,-0.27058881525
BRA,2016,-0.446095586,-0.249387071,-0.38103506,-0.189951748,-0.201301992,0.451975852,-0.27168409925000003
BRA,2017,-0.559814632,-0.317140609,-0.479947567,-0.130978867,-0.305428565,0.449531525,-0.32834066824999997
BRA,2018,-0.480954379,-0.520569623,-0.459598511,-0.293125451,-0.302342951,0.376852065,-0.39924810099999997
BRA,2019,-0.407892704,-0.234114677,-0.714224637,-0.121404096,-0.224319816,0.301444829,-0.24693282325
BRA,2020,-0.429083496,-0.465709209,-0.44689092,-0.111011527,-0.231919765,0.28739506,-0.30943099925
BRA,2021,-0.499217957,-0.492990375,-0.419879764,-0.121613994,-0.301417381,0.254508823,-0.35380992675
BRA,2022,-0.566354334,-0.588259339,-0.395036936,-0.220437631,-0.257879138,0.225268334,-0.40823261050000004
BRA,2023,-0.503643155,-0.546764314,-0.408567786,-0.296478212,-0.308802843,0.382853866,-0.413922131
CHL,2000,1.540218115,1.005559683,0.485464156,1.404732704,1.260923386,0.888868988,1.302858472
CHL,2002,1.479165316,1.078486919,1.088796377,1.318496346,1.257240057,1.087187409,1.2833471595
CHL,2003,1.167100906,1.100245118,0.761611938,1.333441377,1.177210808,1.056120157,1.19449955225
CHL,2004,1.305859327,1.117753029,0.691341698,1.367984176,1.16569674,1.225285053,1.239323318
CHL,2005,1.41652751,1.155609965,0.842383623,1.312464714,1.210211039,1.292520523,1.273703307
CHL,2006,1.412561893,0.93773818,0.613005877,1.423894644,1.181291223,1.08234477,1.2388714849999998
CHL,2007,1.345149994,1.186738372,0.406370878,1.485586524,1.195187569,1.104882002,1.30316561475
CHL,2008,1.317986846,1.062142253,0.431912959,1.502484918,1.210357308,1.01350832,1.27324283125
CHL,2009,1.321234822,1.137571573,0.602584422,1.427399278,1.194090486,1.016896248,1.2700740397499999
CHL,2010,1.441626906,1.157241821,0.67960453,1.415171146,1.225415707,1.095646262,1.309863895
CHL,2011,1.47659266,1.152272344,0.452553362,1.440535307,1.263338566,1.073909163,1.33318471925
CHL,2012,1.543591261,1.178443551,0.331102103,1.536198139,1.287656784,1.076945186,1.3864724337499998
CHL,2013,1.498928189,1.158031583,0.36374253,1.48287189,1.255137801,1.106286168,1.34874236575
CHL,2014,1.440734148,1.035074949,0.447516918,1.484589577,1.348703623,1.055897117,1.32727557425
CHL,2015,1.182457328,0.91883558,0.424871743,1.319842696,1.219729066,1.004566193,1.1602161675
CHL,2016,1.022761106,0.833843768,0.402406216,1.363908291,0.960393548,0.995819569,1.04522667825
CHL,2017,1.001655817,0.809455633,0.40628159,1.325499177,0.981475472,1.000581264,1.02952152475
CHL,2018,0.958202481,0.907178462,0.412769765,1.300452352,0.94026053,1.025940895,1.0265234562499999
CHL,2019,0.978930891,0.863498628,-0.016121579,1.158493161,0.924216628,0.981485605,0.981284827
CHL,2020,1.106137156,0.705044687,0.044044506,0.948647738,0.930162132,0.991940737,0.92249792825
CHL,2021,0.95626688,0.590294063,0.161427185,0.936240256,0.889890671,0.957422435,0.8431729674999999
CHL,2022,0.968124032,0.546218276,0.132084325,0.978411138,0.688454449,0.976769388,0.79530197375
CHL,2023,0.96860379,0.717555761,0.136159942,0.925731719,0.625093758,1.017949224,0.809246257
COL,2000,-0.406262517,-0.403075814,-1.608960748,0.091514856,-0.92503792,-0.438140959,-0.41071534875
COL,2002,-0.264330655,-0.487907588,-1.956714392,-0.023263086,-0.749073088,-0.416357487,-0.38114360425
COL,2003,-0.204286307,-0.221860737,-2.376026869,-0.126518682,-0.739117563,-0.429242462,-0.32294582225
COL,2004,-0.140631452,-0.215896517,-2.271226406,-0.086416334,-0.695200145,-0.318785131,-0.284536112
COL,2005,-0.145389393,-0.197672158,-2.057942867,-0.016363759,-0.633081853,-0.322521359,-0.24812679075
COL,2006,-0.175137788,-0.191516101,-1.90479672,0.106225543,-0.508387923,-0.172736719,-0.19220406725
COL,2007,-0.279160351,-0.05022138,-1.806527257,0.284262538,-0.432980388,-0.165321603,-0.11952489524999999
COL,2008,-0.261542618,-0.025623215,-1.853462338,0.272389978,-0.381235987,-0.165922627,-0.09900296050000001
COL,2009,-0.337012529,-0.300557911,-1.832345843,0.088281721,-0.367777586,-0.149577633,-0.22926657625
COL,2010,-0.423333108,-0.123824142,-1.537184834,0.157253936,-0.27138561,-0.13235718,-0.165322231
COL,2011,-0.317527682,-0.050426964,-1.284655571,0.279601455,-0.217361465,-0.059714228,-0.076428664
COL,2012,-0.422298342,-0.001164993,-1.401810408,0.326594681,-0.325919122,-0.063991345,-0.105696944
COL,2013,-0.441208124,0.053151831,-1.291971803,0.339824229,-0.388269097,-0.081308313,-0.10912529025
COL,2014,-0.397509813,-0.135854036,-1.114594102,0.444412023,-0.25229153,-0.043343797,-0.085310839
COL,2015,-0.352601826,-0.093739085,-1.072663784,0.407719731,-0.24723582,0.004046315,-0.071464250000000007
COL,2016,-0.384617507,-0.036966585,-0.887163997,0.339025348,-0.266068161,0.122125924,-0.08715672625000001
COL,2017,-0.429829597,-0.140821368,-0.779457808,0.257446647,-0.366633266,0.112731606,-0.169959396
COL,2018,-0.340439767,-0.139370114,-0.806941986,0.224889174,-0.383742154,0.172213316,-0.15966571525
COL,2019,-0.283615679,0.032715105,-0.979486108,0.317910939,-0.391183972,0.204583406,-0.08104340175
COL,2020,-0.252498597,0.008475319,-0.70115006,0.225666419,-0.491402626,0.143006012,-0.12743987125
COL,2021,-0.365944803,-0.04782765,-0.954574347,0.202144697,-0.470828503,0.094030172,-0.17061406475
COL,2022,-0.362088114,0.01379638,-0.629958332,0.140449166,-0.427760243,0.16868718,-0.15890070275
COL,2023,-0.309191287,-0.07587792,-0.71731323,0.101034269,-0.458272934,0.20521374,-0.185576968
CRI,2000,0.698608518,0.262206674,0.868542314,0.697727382,0.537079811,1.094698906,0.54890559625
CRI,2002,0.444571555,0.306561232,1.068694472,0.4414334,0.554997206,1.110818624,0.43689084825
CRI,2003,0.516545832,0.211418957,0.59575659,0.623164058,0.526866555,0.964284658,0.4694988505
CRI,2004,0.284917921,0.212290198,0.631576538,0.546658218,0.502903223,0.971273601,0.38669239
CRI,2005,0.365192473,0.149778128,0.708228171,0.594156504,0.49726367,0.816958487,0.40159769375
CRI,2006,0.378651321,0.030958638,0.736050129,0.382123381,0.389714092,0.915722609,0.295361858
CRI,2007,0.457115024,0.211472005,0.582772672,0.450156897,0.354344755,0.935347319,0.36827217025
CRI,2008,0.493208975,0.270571917,0.359765232,0.56618762,0.453689337,0.966759682,0.44591446225
CRI,2009,0.715470135,0.321134418,0.587060392,0.518184364,0.5788095,1.005833626,0.53339960425
CRI,2010,0.664391637,0.298928887,0.691537201,0.586027026,0.53576088,1.039889455,0.5212771075
CRI,2011,0.593173563,0.283398628,0.508276045,0.596260905,0.443259001,1.053862691,0.47902302425
CRI,2012,0.570753694,0.47439906,0.638402462,0.743631065,0.528911471,1.088219762,0.5794238224999999
CRI,2013,0.577441454,0.45591116,0.677918017,0.747273743,0.56385529,1.078458548,0.58612041175
CRI,2014,0.725378335,0.362441927,0.577418208,0.656426251,0.583374798,1.138336062,0.5819053277499999
CRI,2015,0.687055707,0.306554466,0.669974029,0.664466143,0.492798924,1.15161109,0.53771881
CRI,2016,0.678310812,0.283874512,0.648553014,0.526479542,0.431041658,1.117909908,0.479926631
CRI,2017,0.432391852,0.222521707,0.597007215,0.433504254,0.428868711,1.121759653,0.379321631
CRI,2018,0.501138449,0.352706403,0.453386009,0.476172715,0.467835367,1.119007587,0.44946323350000006
CRI,2019,0.626857102,0.347661406,0.430319965,0.544661999,0.529464185,1.094272375,0.512161173
CRI,2020,0.661411285,0.196500391,0.746818066,0.477579594,0.498832434,1.120298505,0.458580926
CRI,2021,0.470307708,0.222867385,0.860422552,0.438738018,0.423667222,1.080308795,0.38889508325
CRI,2022,0.465857774,0.052602667,0.956596434,0.567061722,0.435932785,1.073407769,0.38036373700000004
CRI,2023,0.653749406,0.260196477,0.984186828,0.543547571,0.389316648,1.069906354,0.46170252549999996
ECU,2000,-0.799629569,-0.685290277,-0.572284937,-0.452023268,-0.666360259,-0.247218117,-0.65082584325
ECU,2002,-0.868261039,-0.831196308,-0.759720922,-0.729014635,-0.756515443,-0.04498877,-0.79624685625
ECU,2003,-0.728124201,-0.936161399,-0.96105659,-0.723995984,-0.780572593,-0.121541075,-0.79221354425
ECU,2004,-0.726669908,-0.957234144,-0.842910349,-0.699335694,-0.76489985,-0.244635746,-0.7870348989999999
ECU,2005,-0.735878944,-0.967794538,-0.793961823,-0.777636588,-0.821377993,-0.363743484,-0.82567201575
ECU,2006,-0.784096122,-1.037939191,-0.853825331,-1.098829389,-1.031002641,-0.253862709,-0.98796683575
ECU,2007,-0.74563235,-0.86144954,-0.815987229,-1.136937976,-1.032861471,-0.161115885,-0.94422033425
ECU,2008,-0.654705822,-0.854377806,-0.728682399,-1.127548575,-1.105306387,-0.222304702,-0.9354846474999999
ECU,2009,-0.744574428,-0.738012195,-0.673675776,-1.259179473,-1.205040216,-0.250357389,-0.986701578
ECU,2010,-0.70774436,-0.674511254,-0.586674452,-1.12405169,-1.143229127,-0.23108083,-0.91238410775
ECU,2011,-0.641708136,-0.527820349,-0.686557531,-0.956343532,-1.144285321,-0.293364823,-0.8175393344999999
ECU,2012,-0.508597851,-0.474284679,-0.57030648,-0.943592429,-1.063925147,-0.296114117,-0.7476000265
ECU,2013,-0.502911985,-0.448586315,-0.178656712,-0.83761102,-0.870363593,-0.252790272,-0.66486822825
ECU,2014,-0.741118491,-0.385554224,-0.018533209,-0.920283794,-0.970792294,-0.202547446,-0.75443720075
ECU,2015,-0.672376871,-0.394527704,-0.147344977,-1.141577363,-0.956418455,-0.211860508,-0.79122509825
ECU,2016,-0.680792749,-0.383570671,-0.091710433,-0.958474398,-0.649083614,-0.24726963,-0.667980358
ECU,2017,-0.626104653,-0.352247715,-0.078932077,-1.023587346,-0.718140543,-0.172362104,-0.6800200642500001
ECU,2018,-0.629500389,-0.317793667,-0.094721168,-0.886888802,-0.663264275,8.32675e-4,-0.62436178325
ECU,2019,-0.509275019,-0.367696136,-0.238217756,-0.796693981,-0.542950988,0.031720877,-0.5541540309999999
ECU,2020,-0.504086554,-0.47050634,-0.270243227,-0.871133387,-0.540949643,-0.014699864,-0.596668981
ECU,2021,-0.59461385,-0.241593525,-0.25738737,-0.719614744,-0.354992211,0.099666551,-0.4777035825
ECU,2022,-0.630264878,-0.309278339,-0.371224314,-0.459721535,-0.620780826,0.02739471,-0.5050113945
ECU,2023,-0.647337437,-0.494244993,-0.338139981,-0.718200982,-0.957790792,-0.061911304,-0.704393551
GTM,2000,-0.830889881,-0.56138736,-0.768333912,-0.288512379,-0.8857916,-0.285944521,-0.641645305
GTM,2002,-0.660021722,-0.563064635,-0.834293127,-0.165764809,-0.990891993,-0.358615816,-0.59493578975
GTM,2003,-0.73712796,-0.570908546,-0.774796605,-0.349703223,-1.100940704,-0.483628333,-0.68967010825
GTM,2004,-0.619750619,-0.805464208,-0.808034837,-0.226334214,-1.062098503,-0.324404269,-0.678411886
GTM,2005,-0.684203923,-0.796116292,-0.835618198,-0.500911415,-1.048306942,-0.359379411,-0.757384643
GTM,2006,-0.837902725,-0.69197464,-0.735238791,-0.315376073,-1.097761035,-0.168789566,-0.73575361825
GTM,2007,-0.769333959,-0.663869917,-0.753424942,-0.305537134,-1.121048689,-0.171275631,-0.71494742475
GTM,2008,-0.666637182,-0.647270858,-0.713971555,-0.252038717,-1.122285604,-0.201825634,-0.6720580902500001
GTM,2009,-0.533482134,-0.709745109,-0.925672591,-0.216534749,-1.013138294,-0.250002414,-0.6182250715
GTM,2010,-0.540784419,-0.720754623,-0.852924466,-0.172244892,-0.944123864,-0.303283572,-0.5944769495
GTM,2011,-0.537248194,-0.72451061,-0.7441414,-0.211610183,-1.031414747,-0.311964631,-0.6261959335
GTM,2012,-0.678762555,-0.787666738,-0.633820176,-0.263000935,-1.083919644,-0.356138647,-0.7033374680000001
GTM,2013,-0.639291465,-0.727540255,-0.674156249,-0.287112713,-1.094258666,-0.366608381,-0.68705077475
GTM,2014,-0.756552994,-0.762856305,-0.655563533,-0.284290075,-0.956323862,-0.337663442,-0.6900058090000001
GTM,2015,-0.781392336,-0.769879937,-0.6544379,-0.325637251,-0.954106927,-0.346461207,-0.7077541127500001
GTM,2016,-0.791301847,-0.654102445,-0.545003712,-0.29981479,-1.032064795,-0.290387779,-0.69432096925
GTM,2017,-0.787501216,-0.692473888,-0.651365459,-0.369947046,-1.077288628,-0.279698879,-0.7318026945
GTM,2018,-0.82176429,-0.717763662,-0.538147449,-0.291999519,-1.075736046,-0.353723645,-0.7268158792499999
GTM,2019,-0.915584147,-0.726514339,-0.577340841,-0.33517915,-1.100427151,-0.333453029,-0.7694261967500001
GTM,2020,-1.134097815,-0.713372231,-0.415829301,-0.270502895,-1.10039258,-0.378492922,-0.8045913802500001
GTM,2021,-1.192652345,-0.7828632,-0.395517915,-0.327891737,-1.110256553,-0.46514231,-0.85341595875
GTM,2022,-1.210148692,-0.907798588,-0.262850881,-0.291810006,-1.127463579,-0.522613764,-0.88430521625
GTM,2023,-1.121612906,-0.897167265,-0.244364932,-0.290354937,-1.07527709,-0.533699274,-0.8461030494999999
GUY,2000,-0.420879841,-0.052148212,-0.486819774,-0.130214244,-0.423614681,0.464220554,-0.2567142445
GUY,2002,-0.26159507,-0.17941758,-0.561520338,-0.346247435,-0.517882884,0.542352378,-0.32628574225
GUY,2003,-0.357633144,-0.022933019,-0.436319321,-0.340948224,-0.575900853,0.428198814,-0.32435381
GUY,2004,-0.400268286,-0.040472262,-0.554896176,-0.387165576,-0.619943142,0.066932872,-0.3619623165
GUY,2005,-0.558261573,-0.500283241,-0.454965949,-0.495723665,-0.663847804,-0.228859812,-0.5545290707499999
GUY,2006,-0.583094895,-0.292215288,-0.734118462,-0.613583863,-0.564467251,0.091823734,-0.51334032425
GUY,2007,-0.592017114,-0.013545465,-0.55968678,-0.620565355,-0.457055211,0.100955948,-0.42079578625
GUY,2008,-0.556314647,-0.177931428,-0.633931935,-0.586162806,-0.580651641,0.11215499,-0.4752651305
GUY,2009,-0.539242208,-0.181886002,-0.629981041,-0.623867869,-0.555844963,0.092698015,-0.47521026050000004
GUY,2010,-0.562469244,-0.122200236,-0.458965749,-0.605241239,-0.477120876,0.066198379,-0.44175789875000004
GUY,2011,-0.619942248,-0.082134813,-0.434282511,-0.678618312,-0.510029078,0.02947429,-0.47268111275
GUY,2012,-0.761781573,-0.100731432,-0.49961406,-0.626173019,-0.518265724,-0.002288182,-0.501737937
GUY,2013,-0.651954174,-0.102227435,-0.456606746,-0.608322561,-0.524507463,0.021201981,-0.47175290825000005
GUY,2014,-0.741052151,-0.221426651,-0.136097595,-0.528059959,-0.614713907,0.156047061,-0.526313167
GUY,2015,-0.657630563,-0.330193788,-0.139641345,-0.530868948,-0.541080117,0.183893636,-0.514943354
GUY,2016,-0.348007828,-0.283567518,-0.034218926,-0.430909157,-0.313425392,0.253121465,-0.34397747375000004
GUY,2017,-0.531101525,-0.281807274,-0.049440186,-0.401308507,-0.299223602,0.277443737,-0.37836022699999994
GUY,2018,-0.250006974,-0.254847735,-0.191837907,-0.540220737,-0.383601844,0.223182663,-0.3571693225
GUY,2019,-0.142694622,-0.395576239,-0.254073828,-0.611618996,-0.445168942,0.253580123,-0.39876469975
GUY,2020,-0.173186764,-0.446742803,-0.13755472,-0.536126554,-0.433576524,0.212521523,-0.39740816125
GUY,2021,-0.187317982,-0.261401027,-0.137113199,-0.522020161,-0.416621566,0.239529952,-0.346840184
GUY,2022,-0.295522034,-0.266314894,0.020733567,-0.527693391,-0.3134377,0.193488836,-0.35074200475
GUY,2023,-0.383745015,-0.294487,-0.055172037,-0.563037872,-0.342232913,0.148810402,-0.39587570000000005
HND,2000,-0.969870448,-0.579896092,-0.078596383,-0.565024197,-0.998041213,-0.098604575,-0.7782079875
HND,2002,-1.019552112,-0.685433745,-0.252441436,-0.536085248,-0.879591942,-0.162654772,-0.7801657617500001
HND,2003,-0.974429309,-0.761468172,-0.379858077,-0.5933339,-0.936451733,-0.177857652,-0.8164207785
HND,2004,-0.946081817,-0.716462851,-0.391061932,-0.42958352,-0.850290716,-0.340818167,-0.735604726
HND,2005,-0.81975615,-0.680190563,-0.623264194,-0.625240624,-0.77110076,-0.345806867,-0.72407202425
HND,2006,-0.833331823,-0.660407066,-0.667903721,-0.457659006,-0.988683164,-0.139432833,-0.7350202647499999
HND,2007,-0.791543305,-0.553879499,-0.437030196,-0.28270238600000003,-0.928942919,-0.192796737,-0.6392670272500001
HND,2008,-0.915665329,-0.622831583,-0.527115524,-0.316503912,-0.971363068,-0.294657081,-0.706590973
HND,2009,-0.908242762,-0.674577832,-0.308192104,-0.310121268,-0.895501971,-0.532957137,-0.69711095825
HND,2010,-0.889169753,-0.636895478,-0.496909589,-0.246572301,-0.875314057,-0.503610492,-0.66198789725
HND,2011,-0.833935797,-0.520890951,-0.390435368,-0.152864039,-0.905360878,-0.468656331,-0.6032629162500001
HND,2012,-0.955132008,-0.691542149,-0.350115597,-0.205009326,-1.146425009,-0.469777703,-0.749527123
HND,2013,-0.94505918,-0.724005818,-0.438611597,-0.197600991,-1.1730299,-0.474992007,-0.75992397225
HND,2014,-0.787561238,-0.812356412,-0.534083962,-0.408311367,-0.94330734,-0.40925014,-0.7378840892499999
HND,2015,-0.589746416,-0.859404504,-0.472757906,-0.417710304,-0.942611635,-0.421847492,-0.70236821475
HND,2016,-0.67940253,-0.763441384,-0.437456161,-0.530846298,-1.136926413,-0.438270062,-0.77765415625
HND,2017,-0.738785088,-0.530908048,-0.565637112,-0.451085269,-1.060413837,-0.440318972,-0.6952980605000001
HND,2018,-0.656895399,-0.618258476,-0.531820953,-0.448792905,-1.057194591,-0.523527741,-0.69528534275
HND,2019,-0.875853598,-0.619122744,-0.569057047,-0.495705456,-1.041498184,-0.572002947,-0.7580449954999999
HND,2020,-0.988051236,-0.645809412,-0.448507726,-0.49494037,-1.010333419,-0.618947327,-0.7847836092499999
HND,2021,-1.091472626,-0.819059908,-0.627813995,-0.534852624,-1.087973833,-0.589453816,-0.88333974775
HND,2022,-1.002288342,-0.86729633800000006,-0.568361819,-0.485292733,-1.017541647,-0.491051793,-0.8431047650000001
HND,2023,-1.111958146,-0.795222759,-0.459217161,-0.550886929,-1.095008135,-0.453701526,-0.88826899225
MEX,2000,-0.073860303,0.276181936,-0.200209871,0.220494196,-0.426509559,0.258450001,-9.234324999999842e-4
MEX,2002,-0.250572264,0.218386546,-0.058308262,0.438464433,-0.349208415,0.346043468,0.014267575000000005
MEX,2003,-0.241587132,0.131819323,-0.116878085,0.335378051,-0.377902716,0.34693712,-0.03807311850000001
MEX,2004,-0.389334857,0.075833812,-0.21408245,0.410247594,-0.40991047,0.319827616,-0.07829098025
MEX,2005,-0.344179541,0.031416982,-0.445820868,0.160981357,-0.382989526,0.198065519,-0.133692682
MEX,2006,-0.325125188,0.050471161,-0.636888444,0.346685439,-0.472546279,0.150474414,-0.10012871675000001
MEX,2007,-0.341457367,0.136410132,-0.729851604,0.368228048,-0.542932212,0.121899016,-0.09493784975000001
MEX,2008,-0.309849888,0.160689965,-0.804012358,0.31256935,-0.68928355,0.134927571,-0.13146853074999998
MEX,2009,-0.365960121,0.141515777,-0.686627805,0.177682906,-0.562868834,0.200032845,-0.152407568
MEX,2010,-0.439748138,0.096291386,-0.726463437,0.156337783,-0.552031338,0.178501576,-0.18478757675000002
MEX,2011,-0.474737763,0.252327204,-0.667768598,0.184377462,-0.549887717,0.121691875,-0.14698020350000002
MEX,2012,-0.484527588,0.296199024,-0.662454188,0.418743193,-0.535180092,0.112745345,-0.07619136575000003
MEX,2013,-0.591898561,0.302350998,-0.714223802,0.418155193,-0.549416423,0.108349167,-0.10520219825000005
MEX,2014,-0.84301883,0.133970901,-0.853918791,0.359438211,-0.406688005,2.75322e-4,-0.18907443075
MEX,2015,-0.888967395,0.117517561,-0.801780105,0.276325017,-0.454765856,-0.075340435,-0.23747266825000002
MEX,2016,-0.850662291,0.027610578,-0.633718133,0.199013442,-0.579800665,-0.067450769,-0.300959734
MEX,2017,-0.952429533,-0.065302551,-0.80641979,0.182068795,-0.584648728,-0.089054845,-0.35507800425
MEX,2018,-0.949163556,-0.292850614,-0.67384702,0.084375463,-0.641221523,-0.008684999,-0.4497150575
MEX,2019,-0.917449772,-0.306684852,-0.841869175,0.012595196,-0.657918453,0.008570964,-0.46736447025
MEX,2020,-0.921630204,-0.270338684,-0.791455746,-0.012910045,-0.642182171,-0.027388219,-0.46176527599999995
MEX,2021,-1.020639896,-0.343543798,-0.687615871,-0.251374453,-0.807996511,-0.077413954,-0.6058886645
MEX,2022,-1.012086034,-0.281723529,-0.689268112,-0.148309499,-0.869425058,-0.119756743,-0.5778860299999999
MEX,2023,-1.020578742,-0.198361441,-0.630761027,-0.171988308,-0.806393921,-0.115086064,-0.549330603
NIC,2000,-0.935892701,-0.660692811,-0.066172294,-0.33913812,-0.862790763,-0.125508621,-0.6996285987499999
NIC,2002,-0.479136646,-0.877977848,-0.093183674,-0.489535064,-0.677636325,-0.054776963,-0.63107147075
NIC,2003,-0.541941702,-0.794632852,-0.368299216,-0.470480889,-0.56024915,0.158112004,-0.59182614825
NIC,2004,-0.446660161,-0.84265548,-0.341314167,-0.346080571,-0.788531184,-0.015315129,-0.605981849
NIC,2005,-0.616481483,-0.825872242,-0.339232922,-0.445305258,-0.614661515,-0.24899523,-0.6255801244999999
NIC,2006,-0.673504472,-0.895059884,-0.267819613,-0.426474214,-0.752042234,-0.194359109,-0.686770201
NIC,2007,-0.767759442,-0.953955352,-0.120370902,-0.450823009,-0.788387358,-0.217171907,-0.74023129025
NIC,2008,-0.768929601,-0.917955816,-0.222542554,-0.421554148,-0.80818355099999994,-0.367741048,-0.729155779
NIC,2009,-0.727106392,-0.96199578,-0.305793792,-0.435356438,-0.786913633,-0.439285934,-0.72784306075
NIC,2010,-0.755830348,-0.949312687,-0.499709249,-0.302378356,-0.837366939,-0.477622449,-0.7112220825
NIC,2011,-0.737969637,-0.893715918,-0.269735813,-0.353553355,-0.725575924,-0.576730072,-0.6777037085000001
NIC,2012,-0.78167814,-0.891339302,-0.348777562,-0.310052246,-0.733911514,-0.536340475,-0.6792453005
NIC,2013,-0.73852396,-0.813365757,-0.249215871,-0.308052003,-0.674326599,-0.457735419,-0.6335670797499999
NIC,2014,-0.887541771,-0.837822556,-0.040780123,-0.408892065,-0.714166403,-0.395806462,-0.71210569875
NIC,2015,-0.907448709,-0.862327516,-0.092195526,-0.419965863,-0.754737794,-0.414940387,-0.7361199705
NIC,2016,-0.897035599,-0.73757118,-0.095483571,-0.528951228,-0.656879246,-0.680512071,-0.70510931325
NIC,2017,-0.895630002,-0.668117821,-0.053822666,-0.695781589,-0.660670221,-0.718133748,-0.7300499082499999
NIC,2018,-1.024010181,-0.812322795,-0.950928032,-0.731356859,-1.078462958,-1.099917054,-0.91153819825
NIC,2019,-1.03215003,-0.777325749,-0.992500722,-0.714432657,-1.201585412,-1.098115683,-0.9313734619999999
NIC,2020,-1.180352092,-0.679674625,-0.585719466,-0.679826021,-1.198743939,-1.097819209,-0.9346491692499999
NIC,2021,-1.255249143,-0.884827673,-0.471975327,-0.852285445,-1.366336823,-1.285795927,-1.0896747709999999
NIC,2022,-1.287625432,-1.03687942,-0.358511776,-0.914733768,-1.310911894,-1.350019932,-1.1375376285
NIC,2023,-1.388440132,-1.08494556,-0.125550047,-0.878058851,-1.278186917,-1.38733542,-1.1574078650000001
PAN,2000,-0.319528043,0.228873283,0.251223832,0.605035841,-0.187658608,0.631228447,0.08168061824999999
PAN,2002,-0.335230827,-0.028121203,0.345927984,0.520487428,-0.08833684,0.619423807,0.017199639500000016
PAN,2003,-0.395565361,-0.112611756,0.073229544,0.337754071,-0.140504897,0.484826952,-0.07773198575000001
PAN,2004,-0.300811678,-0.08721038,0.084138364,0.259365588,-0.107689194,0.516072214,-0.05908641600000002
PAN,2005,-0.390578359,0.069371119,-0.157522634,0.159857556,-0.101316899,0.443538368,-0.06566664575
PAN,2006,-0.363584548,0.066202417,-0.067905001,0.313156545,-0.155252963,0.601521611,-0.034869637249999995
PAN,2007,-0.339885622,0.130122647,-0.061348125,0.396069229,-0.174098477,0.621265113,0.0030519442500000077
PAN,2008,-0.101286359,0.118165627,-0.097780146,0.705149293,-0.203979909,0.600690961,0.12951216299999999
PAN,2009,-0.327103823,0.103056826,0.062279519,0.396906674,-0.097268507,0.591262817,0.018897792499999996
PAN,2010,-0.358153433,0.131257296,-0.116048209,0.472236633,-0.080293067,0.537198603,0.04126185724999998
PAN,2011,-0.354332805,0.130668715,-0.028218862,0.534382701,0.025878649,0.534638524,0.084149315
PAN,2012,-0.395119667,0.319876164,-0.179432675,0.468524963,-0.222083896,0.469416946,0.04279939099999999
PAN,2013,-0.381226212,0.318168879,-0.141260922,0.447597444,-0.253414422,0.424230695,0.03278142225000001
PAN,2014,-0.370015204,0.277430743,0.209008202,0.476986915,-0.064679839,0.505584121,0.07993065375
PAN,2015,-0.434962153,0.277811021,0.37741518,0.447250634,-0.140977621,0.55853951,0.03728047024999999
PAN,2016,-0.573966324,0.153621435,0.400727749,0.468313783,0.033683963,0.523992538,0.020413214249999978
PAN,2017,-0.613697469,0.028131975,0.380334169,0.4252958,0.007552708,0.519523442,-0.0381792465
PAN,2018,-0.61033761500000006,0.012680994,0.25216198,0.385193199,-0.159112379,0.557908833,-0.09289395025000002
PAN,2019,-0.64382714,0.099871047,0.290945798,0.380994022,-0.191898912,0.598749578,-0.08871524575
PAN,2020,-0.58416152,0.164647356,0.235503376,0.322711378,-0.284955025,0.573975325,-0.09543945275
PAN,2021,-0.591640532,0.123601131,0.307207078,0.177574456,-0.269385785,0.541458607,-0.1399626825
PAN,2022,-0.634862423,-0.128100604,0.289221227,0.127132148,-0.359851569,0.541374862,-0.24892061199999999
PAN,2023,-0.628094196,-0.209720731,0.213101849,0.118782818,-0.34598121,0.547549784,-0.26625332975
PER,2000,-0.404046178,-0.183523014,-0.987529457,0.331481695,-0.718046725,-0.370226055,-0.2435335555
PER,2002,-0.30640474,-0.39141887400000003,-0.969909847,-0.03976579,-0.557922065,0.222937241,-0.32387786725
PER,2003,-0.154854536,-0.585180283,-1.162101626,0.114225753,-0.588656902,0.078648843,-0.303616492
PER,2004,-0.429986924,-0.649820864,-1.027399659,0.204360604,-0.545422077,-0.134529516,-0.35521731525
PER,2005,-0.367371053,-0.695960522,-0.975715458,0.007082981,-0.700787902,-0.013819259,-0.439259124
PER,2006,-0.221562147,-0.757418633,-0.841553807,0.074825414,-0.704654872,0.091934875,-0.4022025595
PER,2007,-0.272556156,-0.627492428,-0.774885893,0.238475114,-0.751626134,0.10835699,-0.353299901
PER,2008,-0.206874341,-0.431019515,-0.892661691,0.320967674,-0.730335593,0.152134746,-0.26181544375
PER,2009,-0.332539886,-0.489155442,-1.180047989,0.36664179,-0.624266803,0.083490424,-0.26983008525
PER,2010,-0.253887415,-0.239367962,-0.999915421,0.392820895,-0.566099524,0.111124784,-0.1666335015
PER,2011,-0.243967727,-0.206647053,-0.760749698,0.404832929,-0.580825686,0.131239608,-0.15665188424999998
PER,2012,-0.404069632,-0.187420115,-0.907364726,0.436642319,-0.581970215,0.114262931,-0.18420441075
PER,2013,-0.460946977,-0.151038066,-0.80573976,0.40630167700000003,-0.574419618,0.084750429,-0.19502574599999997
PER,2014,-0.599980474,-0.326710403,-0.550656915,0.47424823,-0.522552609,0.192497373,-0.24374881399999998
PER,2015,-0.60391736,-0.367453665,-0.398910075,0.439279824,-0.499649614,0.227368146,-0.25793520375
PER,2016,-0.430348158,-0.256282151,-0.207934842,0.46932619800000003,-0.496036291,0.268895954,-0.1783351005
PER,2017,-0.562385023,-0.204775095,-0.26350987,0.351487756,-0.523281574,0.274388254,-0.234738484
PER,2018,-0.597973228,-0.323809534,-0.276880771,0.44338277,-0.566743374,0.215107664,-0.2612858415
PER,2019,-0.509501398,-0.125898167,-0.163622618,0.517202258,-0.520058036,0.264963299,-0.15956383575000002
PER,2020,-0.524636924,-0.294280052,-0.357722938,0.471264184,-0.382843524,0.246405274,-0.182624079
PER,2021,-0.653799653,-0.295280516,-0.355252951,0.063778646,-0.532514691,0.174961343,-0.35445405350000003
PER,2022,-0.808002055,-0.39837572,-0.487095445,0.20857498,-0.552831411,0.052989695,-0.3876585515
PER,2023,-0.721040905,-0.491872787,-0.521785557,0.292205185,-0.538132668,0.060481496,-0.36471029374999997
PRY,2000,-1.373702288,-1.039068699,-0.970572591,-0.724985361,-0.989421189,-0.506525874,-1.03179438425
PRY,2002,-1.365068436,-1.113798499,-1.211351275,-0.583924294,-1.123306632,-0.456348479,-1.04652446525
PRY,2003,-1.436838865,-0.997566938,-0.749351561,-0.761302412,-1.052339792,-0.400354266,-1.0620120017499999
PRY,2004,-1.426462889,-0.965075552,-0.566143751,-0.7526384,-0.981866181,-0.47459361,-1.0315107555
PRY,2005,-1.355833054,-0.777090907,-0.652078152,-0.864246666,-0.963428319,-0.395821035,-0.9901497365
PRY,2006,-1.16153121,-0.963064432,-0.776525021,-0.702513158,-0.971096039,-0.25690937,-0.9495512097500001
PRY,2007,-1.211035728,-0.853146732,-0.740122914,-0.583475471,-0.964514315,-0.164958507,-0.9030430615
PRY,2008,-0.979693532,-0.870992124,-0.727450252,-0.49169004,-0.910835207,-0.115736693,-0.8133027257500001
PRY,2009,-0.788950503,-0.904786527,-0.883586049,-0.409247994,-0.85797703299999994,-0.134577692,-0.74024051425
PRY,2010,-0.707593381,-0.912053406,-0.834862232,-0.361598462,-0.830411494,-0.078932732,-0.70291418575
PRY,2011,-0.695635736,-0.849459469,-0.692596555,-0.32660228,-0.800011337,-0.083290011,-0.6679272055
PRY,2012,-0.850602806,-0.899536431,-0.871902168,-0.261282653,-0.81082052,-0.113736905,-0.7055606025
PRY,2013,-1.048131943,-0.879561782,-0.735861599,-0.24729614,-0.767023623,-0.104953654,-0.735503372
PRY,2014,-1.011079431,-0.938229501,-0.08862751,-0.205342337,-0.604350567,-0.102871343,-0.689750459
PRY,2015,-1.018919945,-0.998762786,0.035212629,-0.205608889,-0.644359648,-0.069938526,-0.716912817
PRY,2016,-0.763090432,-0.82180506,0.134470806,-0.229902908,-0.689654231,-0.063101374,-0.62611315775
PRY,2017,-0.750717938,-0.841798902,-0.002855462,-0.248225942,-0.667961836,-0.043724205,-0.6271761545000001
PRY,2018,-0.870756984,-0.604888737,-0.086711079,-0.089519158,-0.602268279,0.031965796,-0.5418582894999999
PRY,2019,-0.893645704,-0.576773107,-0.018012775,-0.137215763,-0.567496181,0.052799433,-0.5437826887499999
PRY,2020,-0.857888103,-0.56520766,0.016717767,-0.139662296,-0.427826524,0.046246175,-0.49764614575
PRY,2021,-1.02654171,-0.655920208,-9.37932e-4,-0.222117677,-0.575897038,0.003617339,-0.62011915825
PRY,2022,-1.090579629,-0.614015102,0.035549313,-0.169901669,-0.591498375,0.00371037,-0.61649869375
PRY,2023,-1.057722926,-0.462065369,0.082041629,-0.078939348,-0.582174599,0.042024303,-0.5452255605
SLV,2000,-0.745444059,-0.62050283,0.329205334,-0.017429935,-0.803453267,-0.043113962,-0.54670752275
SLV,2002,-0.81314522,-0.609856188,0.293994129,-0.169806421,-0.566521049,0.122130692,-0.5398322195
SLV,2003,-0.416793615,-0.460299641,-0.180753872,-0.24624534,-0.51685524,0.107482292,-0.410048459
SLV,2004,-0.480672061,-0.451769233,-0.069100976,3.75591e-4,-0.490908056,0.024640525,-0.35574343975
SLV,2005,-0.508673728,-0.447229236,-0.033760875,-0.257205307,-0.505208492,-0.075012773,-0.42957919075
SLV,2006,-0.335918337,-0.217000455,-0.168158025,-0.073802739,-0.691741586,0.096629858,-0.32961577925
SLV,2007,-0.423062176,-0.259199172,-0.007270731,0.087128989,-0.722936034,0.094508938,-0.32951709825
SLV,2008,-0.411013573,-0.211958438,0.039393112,0.150920913,-0.694341421,0.112083875,-0.29159812975
SLV,2009,-0.230227888,-0.074613519,-0.007116277,0.283810049,-0.783321619,0.057646669,-0.20108824425
SLV,2010,-0.258609384,-0.012319415,0.058842227,0.337437302,-0.865749896,0.071544565,-0.19981034825
SLV,2011,-0.247806415,-0.109997876,0.111001194,0.403908849,-0.751709402,0.043949775,-0.176401211
SLV,2012,-0.412512779,-0.134835929,0.234583974,0.22834833,-0.728603363,-0.040193725,-0.26190093524999997
SLV,2013,-0.349343956,-0.121620633,-0.033658903,0.227205575,-0.637214184,-0.01314757,-0.2202432995
SLV,2014,-0.375204563,-0.025264136,-0.024590004,0.222213238,-0.469334871,0.152574793,-0.161897583
SLV,2015,-0.447838724,-0.285931021,-0.020496048,0.067986883,-0.61680752,0.152256042,-0.3206475955
SLV,2016,-0.556168318,-0.343923271,-0.104568757,-0.050619148,-0.757978737,0.188607335,-0.42717236849999995
SLV,2017,-0.534349263,-0.387301892,-0.263820261,-0.169971138,-0.87329191,0.15420197,-0.49122855075
SLV,2018,-0.58643496,-0.489993751,-0.38915965,-0.016186897,-0.930314422,0.028985543,-0.5057325075
SLV,2019,-0.537863314,-0.531079948,-0.120228313,-0.037950449,-0.866013646,0.117883883,-0.49322683925
SLV,2020,-0.577636421,-0.261266619,-0.114992231,-0.08524321,-0.777085423,0.0697046,-0.42530791825000003
SLV,2021,-0.553710938,-0.341824085,-0.091492087,-0.363843024,-0.866383195,-0.060513262,-0.5314403105000001
SLV,2022,-0.642525256,-0.321259052,-0.352474838,-0.46272406,-0.74221772,-0.371244878,-0.542181522
SLV,2023,-0.56131506,0.050439022,0.0023324,-0.307905406,-0.369357318,-0.474436671,-0.2970346905
SUR,2000,0.454761356,-0.142010897,0.212451234,-0.579191446,-0.038425419,0.442086488,-0.07621660150000001
SUR,2002,0.26161402499999997,-0.210034415,0.492683351,-0.677856028,-0.127914935,0.494850069,-0.18854783825000002
SUR,2003,0.306020856,-0.16174309,0.483302504,-0.575908244,-0.052874338,0.326033354,-0.12112620399999997
SUR,2004,0.262759477,-0.046466287,0.302263439,-0.650516927,-0.179757029,0.114305288,-0.1534951915
SUR,2005,0.216340378,-0.060263112,0.233044505,-0.52004754500000006,-0.13585934,0.129616141,-0.12495740475000001
SUR,2006,-0.103575468,-0.332950234,-0.013915001,-0.52555269,-0.226305485,0.511488795,-0.29709596925000004
SUR,2007,-0.012143857,-0.281002611,-0.017322771,-0.593855679,-0.246702716,0.556039929,-0.28342621575000004
SUR,2008,-0.027266076,-0.129181609,0.099638082,-0.541388154,-0.234130025,0.60561341,-0.23299146599999998
SUR,2009,-0.260273784,-0.079090007,0.147267401,-0.612616003,-0.124648117,0.444832087,-0.26915697775
SUR,2010,-0.3327021,-0.108724214,0.082475461,-0.667498529,-0.05776104,0.383502692,-0.29167147075
SUR,2011,-0.284884512,-0.123884544,0.119975284,-0.58248961,-0.047765844,0.380300343,-0.2597561275
SUR,2012,-0.340788126,-0.012880336,0.079325452,-0.476160944,-0.06157472,0.340863466,-0.22285103150000002
SUR,2013,-0.282394767,-0.01792681,0.132779226,-0.44600299,-0.049031351,0.356965274,-0.1988389795
SUR,2014,-0.449729502,-0.177615508,0.249270841,-0.634206414,-0.136155605,0.516815305,-0.34942675725
SUR,2015,-0.271172434,-0.379115045,0.249509305,-0.631722152,-0.215757579,0.411247224,-0.37444180250000003
SUR,2016,-0.335388899,-0.372116715,0.15281789,-0.642956674,-0.174602553,0.414863557,-0.38126621024999996
SUR,2017,-0.205202311,-0.648720562,0.119801402,-0.557062507,-0.171837166,0.430003643,-0.3957056365
SUR,2018,-0.240344256,-0.686521709,0.058266103,-0.668974459,-0.087810397,0.296294183,-0.42091270524999996
SUR,2019,-0.41992861,-0.627012372,0.087680511,-0.701412082,-0.083465852,0.362840116,-0.457954729
SUR,2020,-0.46073404,-0.57881397,0.418843955,-0.795015275,-0.132088944,0.414326221,-0.49166305725
SUR,2021,-0.41855827,-0.68069315,0.348392159,-0.721502066,-0.12621364,0.369046509,-0.4867417815
SUR,2022,-0.404953331,-0.944707155,0.399689198,-0.789872885,-0.128307819,0.369401544,-0.5669602975
SUR,2023,-0.404351592,-0.967238128,0.412738472,-0.728055537,-0.06225745,0.353224784,-0.54047567675
URY,2000,0.957407117,0.416957408,0.929349542,0.745703042,0.556891263,0.989812434,0.6692397075000001
URY,2002,0.945743263,0.588606656,0.838327348,0.55635494,0.674292743,1.054346561,0.6912494005
URY,2003,1.101403475,0.456945091,0.711256564,0.311726302,0.656516373,0.992518246,0.63164781025
URY,2004,0.894058406,0.303184807,0.590961158,0.299977809,0.456370503,0.842710495,0.48839788124999994
URY,2005,1.081768513,0.492236137,0.777662575,0.41782546,0.458849579,0.885737658,0.61266992225
URY,2006,1.130043507,0.379883677,0.898599565,0.401181012,0.551547348,1.030710816,0.615663886
URY,2007,1.280935764,0.56316489,0.835530937,0.380375654,0.600704789,1.04552269,0.70629527425
URY,2008,1.345951676,0.541956723,0.845082819,0.396923661,0.613664508,1.062144518,0.724624142
URY,2009,1.250004292,0.624378562,0.789260983,0.505946875,0.755774736,1.105794072,0.78402611625
URY,2010,1.297701478,0.633332193,0.824986041,0.599306583,0.786790609,1.146545172,0.82928271575
URY,2011,1.289977908,0.539623916,0.957096934,0.609196186,0.731594443,1.12143147,0.7925981132500001
URY,2012,1.378116846,0.415858507,0.709167778,0.599089086,0.614688694,1.06096673,0.75193828325
URY,2013,1.397225738,0.397321582,0.804738224,0.715800822,0.576609135,1.085201025,0.7717393192499999
URY,2014,1.388093233,0.43504113,0.991879582,0.723710597,0.761607766,1.107816458,0.8271131814999999
URY,2015,1.300400257,0.454686135,0.994889319,0.588026166,0.73654294,1.143341541,0.7699138745
URY,2016,1.247056723,0.504967213,1.048521757,0.681275368,0.61905545,1.163006306,0.7630886885
URY,2017,1.253417969,0.404940635,1.04009223,0.644548297,0.557142913,1.167353868,0.7150124535
URY,2018,1.207652926,0.504864872,1.02414608,0.623031616,0.570747197,1.191080928,0.72657415275
URY,2019,1.195396781,0.643020868,1.028297067,0.613631606,0.60346806,1.225027561,0.76387932875
URY,2020,1.3646667,0.73021096,1.054964304,0.687180042,0.647405028,1.306770444,0.8573656825
URY,2021,1.585964561,0.799662232,1.045971751,0.719142973,0.698062181,1.286414266,0.95070798675
URY,2022,1.610502005,0.849587679,1.085829616,0.713579416,0.767947495,1.284923434,0.98540414875
URY,2023,1.57394731,0.850249708,0.964887142,0.675111055,0.717662573,1.283793807,0.9542426615000001
VEN,2000,-0.642675042,-0.692695796,-0.758916974,-0.31923005,-0.865234494,-0.068792902,-0.6299588455
VEN,2002,-1.061424494,-1.002943635,-1.317897201,-0.666176438,-1.159012079,-0.462428361,-0.9723891615
VEN,2003,-1.067478895,-0.960159421,-1.286444664,-1.002670527,-1.336354256,-0.439825714,-1.09166577475
VEN,2004,-0.97820282,-1.055732727,-1.391585588,-1.065405965,-1.256648779,-0.598475635,-1.08899757275
VEN,2005,-1.030746222,-0.919886887,-1.244332433,-1.099601746,-1.258513927,-0.637349963,-1.0771871955
VEN,2006,-1.049627066,-1.06652379,-1.252867579,-1.208008647,-1.409444451,-0.622201085,-1.1834009885
VEN,2007,-1.08307755,-1.097860813,-1.229670167,-1.443938136,-1.570480943,-0.745731115,-1.2988393605000002
VEN,2008,-1.144423723,-1.149796844,-1.312438846,-1.372148633,-1.635781407,-0.752219379,-1.3255376517500002
VEN,2009,-1.171696544,-0.974365473,-1.277789474,-1.559879422,-1.625952482,-0.853539109,-1.3329734802500002
VEN,2010,-1.208009005,-1.102202773,-1.256236672,-1.563119769,-1.669150472,-0.870534301,-1.38562050475
VEN,2011,-1.155070424,-1.132086396,-1.094045997,-1.402885199,-1.686401486,-0.934033573,-1.34411087625
VEN,2012,-1.258297563,-1.082096219,-1.02713263,-1.444834471,-1.71477735,-0.906963706,-1.3750014007500002
VEN,2013,-1.307032943,-1.114338994,-1.077632427,-1.529261708,-1.786169052,-0.95165503,-1.43420067425
VEN,2014,-1.39491117,-1.175179601,-0.852002203,-1.740042567,-1.90949595,-1.083859086,-1.554907322
VEN,2015,-1.407398343,-1.196390986,-0.97167027,-1.872669816,-2.052776575,-1.091166377,-1.6323089300000002
VEN,2016,-1.366669178,-1.273982406,-1.022976637,-1.999046326,-2.266945124,-1.135403991,-1.7266607585
VEN,2017,-1.385664582,-1.427531958,-1.252240658,-1.984669447,-2.259239674,-1.217939258,-1.76427641525
VEN,2018,-1.51229763,-1.67155385,-1.351334333,-2.386736393,-2.265573502,-1.439711809,-1.9590403437500001
VEN,2019,-1.527685404,-1.722444773,-1.538519621,-2.38258338,-2.259442329,-1.429634333,-1.9730389714999998
VEN,2020,-1.575733066,-1.889375687,-1.551842809,-2.267459154,-2.331934929,-1.51546669,-2.016125709
VEN,2021,-1.622939944,-1.874597669,-1.454970241,-2.215185881,-2.300895452,-1.617731214,-2.0034047365
VEN,2022,-1.651524186,-1.689051867,-1.250806451,-2.045843363,-2.198162794,-1.544754744,-1.8961455525000002
VEN,2023,-1.690005183,-1.599200964,-1.189028025,-2.026247501,-2.151533604,-1.531320691,-1.866746813
